{"model":{"version":3,"nodes":[{"name":"RootNode","position":[0,0,0],"rotation":[0,0,0],"scale":[0.01,0.01,0.01],"scaleCompensation":false},{"name":"Shuriken","position":[0,0,0],"rotation":[0,0,0],"scale":[1,1,1],"scaleCompensation":false}],"parents":[-1,0],"skins":[],"morphs":[],"vertices":[{"position":{"type":"float32","components":3,"data":[0.591786,1.71575,0.881524,1.49012e-06,3.23825,0.879941,-0.591789,1.71575,0.881524,2.6758,0.323125,0.884015,1.33864,0.88646,0.882521,-0.591789,-1.03016,0.881524,1.49012e-06,-2.592,0.879941,0.591786,-1.03016,0.881524,-1.37798,-0.240187,0.882521,-2.6758,0.323125,0.884015,0.591786,1.71575,-0.915597,-0.591789,1.71575,-0.915597,1.49012e-06,3.23825,-0.914013,-0.591789,-1.03016,-0.915597,0.591786,-1.03016,-0.915597,1.49012e-06,-2.592,-0.914013,-1.37798,-0.240187,-0.916593,-2.6758,0.323125,-0.918088,-11.157,11.4757,-0.0170365,-7.52916,2.26955,-0.0170365,-9.12745,9.48991,0.676928,-6.29479,2.99842,0.676928,-1.32901,5.21075,-0.0170365,-2.63594,6.57858,0.676928,-1.76726,4.38754,0.744674,-1.97094,7.87522,-0.0170365,7.52916,2.26955,-0.0170365,11.157,11.4757,-0.0170365,9.12745,9.48991,0.676928,6.29479,2.99842,0.676928,-11.157,-10.8295,-0.0170365,-1.97094,-7.22895,-0.0170365,-9.12745,-8.84366,0.676928,-2.63594,-5.93231,0.676928,-7.52916,-1.6233,-0.0170365,-6.29479,-2.35215,0.676928,-1.32901,-4.5645,-0.0170365,-1.76726,-3.74129,0.744674,1.97094,-7.22895,-0.0170365,9.12745,-8.84366,0.676928,2.63595,-5.93231,0.676928,11.157,-10.8295,-0.0170365,7.52916,-1.6233,-0.0170365,6.29479,-2.35215,0.676928,1.32901,-4.5645,-0.0170365,1.76727,-3.74129,0.744674,-4.08945,0.323125,-0.0170365,-4.06287,-1.39549,0.751885,-4.68829,-0.959543,-0.0170365,1.49012e-06,4.37331,-0.0170365,1.76727,4.38754,0.744674,1.32901,5.21075,-0.0170365,4.06287,-1.39549,0.751885,4.08945,0.323125,-0.0170365,4.68829,-0.959543,-0.0170365,1.49012e-06,-3.72706,-0.0170365,-7.52916,2.26955,-0.0170365,-9.12745,9.48991,-0.711001,-6.29479,2.99842,-0.711001,-11.157,11.4757,-0.0170365,-1.97094,-7.22895,-0.0170365,-9.12745,-8.84366,-0.711001,-2.63594,-5.93231,-0.711001,-11.157,-10.8295,-0.0170365,-7.52916,-1.6233,-0.0170365,-6.29479,-2.35215,-0.711001,-1.32901,-4.5645,-0.0170365,-1.76726,-3.74129,-0.778747,9.12745,-8.84366,-0.711001,1.97094,-7.22895,-0.0170365,2.63595,-5.93231,-0.711001,11.157,-10.8295,-0.0170365,-4.08945,0.323125,-0.0170365,-4.06287,-1.39549,-0.785959,-4.68829,-0.959543,-0.0170365,-1.76726,4.38754,-0.778747,1.49012e-06,4.37331,-0.0170365,-1.32901,5.21075,-0.0170365,1.76727,4.38754,-0.778747,1.32901,5.21075,-0.0170365,1.49012e-06,-3.72706,-0.0170365,0.591786,1.71575,0.881524,-0.591789,1.71575,0.881524,0.591786,1.71575,-0.915597,-0.591789,1.71575,-0.915597,1.33864,0.88646,-0.916593,1.33864,0.88646,0.882521,1.33864,-0.240187,0.882521,1.33864,-0.240187,-0.916593,0.591786,-1.03016,0.881524,0.591786,-1.03016,-0.915597,-0.591789,-1.03016,0.881524,-0.591789,-1.03016,-0.915597,-1.37798,-0.240187,-0.916593,-1.37798,-0.240187,0.882521,-1.37798,0.88646,0.882521,-1.37798,0.88646,-0.916593,-4.06287,2.04177,-0.785959,-2.63594,6.57858,-0.711001,-1.97094,7.87522,-0.0170365,-4.68829,1.60582,-0.0170365,-1.37798,0.88646,-0.916593,2.6758,0.323125,-0.918088,1.33864,0.88646,-0.916593,4.06287,2.04177,-0.785959,4.08945,0.323125,-0.0170365,4.68829,1.60582,-0.0170365,4.68829,-0.959543,-0.0170365,6.29479,-2.35215,-0.711001,4.06287,-1.39549,-0.785959,7.52916,-1.6233,-0.0170365,9.12745,9.48991,-0.711001,7.52916,2.26955,-0.0170365,6.29479,2.99842,-0.711001,11.157,11.4757,-0.0170365,2.63595,6.57858,-0.711001,1.97094,7.87522,-0.0170365,1.32901,-4.5645,-0.0170365,1.76727,-3.74129,-0.778747,1.33864,-0.240187,-0.916593,4.06287,2.04177,0.751885,2.63595,6.57858,0.676928,1.97094,7.87522,-0.0170365,4.68829,1.60582,-0.0170365,-4.06287,2.04177,0.751885,-4.68829,1.60582,-0.0170365,1.33864,-0.240187,0.882521,-1.37798,0.88646,0.882521]},"normal":{"type":"float32","components":3,"data":[-0.0001589,0.000977652,1,5.43608e-05,0.191626,0.981468,0.000338354,0.000907897,1,0.146529,0.00774588,0.989176,-0.000717764,0.000457944,1,0.000201757,-0.000936787,1,-4.68717e-05,-0.191609,0.981471,-0.000356492,-0.000878158,1,0.000777563,-0.00043017,1,-0.146519,0.0077161,0.989178,-0.00043161,0.000822914,-1,0.000337671,0.000909142,-1,-2.8458e-05,0.191581,-0.981477,0.000199453,-0.000938614,-1,-0.000355844,-0.000879358,-1,-4.73746e-05,-0.19161,-0.981471,0.000775546,-0.00043152,-1,-0.14652,0.00771597,-0.989178,-0.192109,0.103056,0.975947,-0.325767,-0.40136,0.856029,-0.123765,0.0663935,0.990088,-0.172541,-0.198697,0.964753,0.508199,0.447567,0.735811,0.165199,0.155613,0.973907,0.190599,0.212633,0.958363,0.428465,0.357866,0.829668,0.325766,-0.401359,0.85603,0.192109,0.103056,0.975948,0.123765,0.0663935,0.990088,0.172541,-0.198697,0.964754,-0.182068,-0.0981027,0.97838,0.436947,-0.352101,0.827709,-0.11714,-0.063118,0.991108,0.16906,-0.153586,0.973566,-0.325769,0.401362,0.856027,-0.172542,0.198698,0.964753,0.508197,-0.447568,0.735812,0.190598,-0.212634,0.958363,-0.436946,-0.3521,0.82771,0.11714,-0.0631179,0.991108,-0.16906,-0.153586,0.973566,0.182068,-0.0981025,0.97838,0.325769,0.401361,0.856028,0.172542,0.198698,0.964753,-0.508196,-0.447567,0.735813,-0.190598,-0.212633,0.958363,-0.586004,0.0358901,0.809513,-0.169796,0.188522,0.967279,-0.365208,0.500506,0.784931,0,0.620017,0.784589,-0.168331,0.178247,0.969481,-0.464769,0.375035,0.802084,0.169796,0.188522,0.967279,0.586005,0.0358895,0.809512,0.365208,0.500505,0.784932,0,-0.620017,0.784588,-0.325767,-0.40136,-0.856029,-0.123765,0.0663935,-0.990088,-0.172541,-0.198697,-0.964753,-0.192109,0.103056,-0.975947,0.436947,-0.352101,-0.827709,-0.11714,-0.063118,-0.991108,0.16906,-0.153586,-0.973566,-0.182068,-0.0981027,-0.97838,-0.325769,0.401362,-0.856027,-0.172542,0.198698,-0.964753,0.508197,-0.447568,-0.735812,0.190599,-0.212634,-0.958363,0.082766,-0.082053,-0.993185,-0.386106,-0.273481,-0.880982,-0.147172,-0.120421,-0.981753,0.12751,-0.126412,-0.983749,-0.586004,0.0358902,-0.809513,-0.169796,0.188522,-0.967279,-0.365208,0.500506,-0.784931,0.168332,0.178247,-0.969481,0,0.620017,-0.784589,0.46477,0.375035,-0.802083,-0.168331,0.178247,-0.969481,-0.464769,0.375034,-0.802084,0,-0.620017,-0.784589,-0.40669,-0.913566,0,0.39497,-0.918694,0,-0.40669,-0.913566,0,0.39497,-0.918694,0,-0.933562,-0.358416,0,-0.933562,-0.358416,0,-0.929156,0.369687,0,-0.929156,0.369687,0,-0.395604,0.918421,0,-0.395604,0.918421,0,0.383792,0.923419,0,0.383792,0.923419,0,0.924338,0.381574,0,0.924338,0.381574,0,0.928901,-0.370328,0,0.928901,-0.370328,0,-0.152021,-0.172101,-0.973278,0.143362,0.122396,-0.982073,0.377522,0.278956,-0.882984,-0.325033,-0.463317,-0.824433,0.000913764,0.000388945,-1,0.136659,-1.55971e-05,-0.990618,-0.000990753,0.000302717,-0.999999,0.152022,-0.172102,-0.973278,0.537495,2.2554e-06,-0.843267,0.325034,-0.463318,-0.824433,0.325036,0.463322,-0.82443,0.147382,0.182132,-0.972166,0.152023,0.172104,-0.973278,0.278589,0.371461,-0.885666,0.0893038,0.0852651,-0.992348,0.278585,-0.371458,-0.885669,0.14738,-0.182131,-0.972166,0.13744,0.131224,-0.981779,-0.143361,0.122396,-0.982073,-0.377521,0.278956,-0.882985,-0.464768,-0.375035,-0.802085,-0.168331,-0.178247,-0.969481,-0.000914986,-0.000372264,-1,0.152022,-0.172102,0.973278,-0.143361,0.122396,0.982073,-0.377521,0.278956,0.882985,0.325034,-0.463318,0.824433,-0.152021,-0.172101,0.973278,-0.325033,-0.463317,0.824433,-0.000915355,-0.000371541,1,0.00091416,0.00038819,1]},"texCoord0":{"type":"float32","components":2,