{"model":{"version":3,"nodes":[{"name":"RootNode","position":[0,0,0],"rotation":[0,0,0],"scale":[0.01,0.01,0.01],"scaleCompensation":false},{"name":"mobile_step_wall_corner_convex_b","position":[0,0,0],"rotation":[0,0,0],"scale":[1,1,1],"scaleCompensation":false}],"parents":[-1,0],"skins":[],"morphs":[],"vertices":[{"position":{"type":"float32","components":3,"data":[0.00012207,200,0,0.000244141,200,-100,-99.9999,200,-100,-99.9999,200,0,-100,3.05176e-05,100,100,0,100,0.00012207,200,0,-99.9999,200,0,100,0,100,100,7.62939e-06,-100,0.000244141,200,-100,0.00012207,200,0,-8.04881,200,-54.9022,-55.0632,200,-8.17419,-55.063,239.256,-8.17419,-55.063,239.256,-8.17419,-8.04851,239.256,-54.9019,-8.04881,200,-54.9022,65.3894,48.3621,112.26,78.7912,16,125.595,125.774,16,78.9026,125.774,16,78.9026,112.444,48.3621,65.5728,65.3894,48.3621,112.26,65.3894,48.3621,112.26,112.444,48.3621,65.5728,41.7334,179.461,-5.12004,41.7334,179.461,-5.12004,-5.32134,179.461,41.5674,65.3894,48.3621,112.26,8.08047,200,54.9021,55.0631,200,8.20975,55.0632,239.256,8.20979,55.0632,239.256,8.20979,8.08058,239.256,54.9022,8.08047,200,54.9021,55.0632,239.256,8.20979,-8.04851,239.256,-54.9019,-55.063,239.256,-8.17419,-55.063,239.256,-8.17419,8.08058,239.256,54.9022,55.0632,239.256,8.20979,-5.32134,179.461,41.5674,41.7334,179.461,-5.12004,55.0631,200,8.20975,55.0631,200,8.20975,8.08047,200,54.9021,-5.32134,179.461,41.5674,78.7912,3.05176e-05,125.595,125.774,0,78.9026,125.774,16,78.9026,125.774,16,78.9026,78.7912,16,125.595,78.7912,3.05176e-05,125.595,125.774,16,78.9026,125.774,0,78.9026,62.6619,0,15.7906,125.774,16,78.9026,73.5359,48.3621,26.875,112.444,48.3621,65.5728,62.6619,0,15.7906,26.6649,48.3621,73.7462,15.6476,1.52588e-05,62.5186,78.7912,16,125.595,15.6476,1.52588e-05,62.5186,78.7912,3.05176e-05,125.595,78.7912,16,125.595,41.7334,179.461,-5.12004,5.64851,179.461,-41.2049,-8.04881,200,-54.9022,-8.04881,200,-54.9022,55.0631,200,8.20975,41.7334,179.461,-5.12004,112.444,48.3621,65.5728,73.5359,48.3621,26.875,5.64851,179.461,-41.2049,5.64851,179.461,-41.2049,41.7334,179.461,-5.12004,112.444,48.3621,65.5728,-41.2225,179.461,5.66628,26.6649,48.3621,73.7462,65.3894,48.3621,112.26,65.3894,48.3621,112.26,-5.32134,179.461,41.5674,-41.2225,179.461,5.66628,-41.2225,179.461,5.66628,-5.32134,179.461,41.5674,8.08047,200,54.9021,8.08047,200,54.9021,-55.0632,200,-8.17419,-41.2225,179.461,5.66628,55.0632,239.256,8.20979,55.0631,200,8.20975,-8.04881,200,-54.9022,-8.04881,200,-54.9022,-8.04851,239.256,-54.9019,55.0632,239.256,8.20979,-55.063,239.256,-8.17419,-55.0632,200,-8.17419,8.08047,200,54.9021,8.08047,200,54.9021,8.08058,239.256,54.9022,-55.063,239.256,-8.17419,78.7912,16,125.595,65.3894,48.3621,112.26,26.6649,48.3621,73.7462]},"normal":{"type":"float32","components":3,"data":[3.05176e-07,1,2.79619e-13,3.05175e-07,1,3.7275e-13,3.05176e-07,1,2.79618e-13,3.05176e-07,1,1.86486e-13,8.65085e-08,0.447214,0.894427,6.82394e-08,0.447214,0.894427,1.07657e-07,0.447214,0.894427,1.36479e-07,0.447214,0.894427,0.894427,0.447214,1.90265e-06,0.894427,0.447214,2.20072e-06,0.894427,0.447214,1.60697e-06,0.894427,0.447214,1.09183e-06,-0.704944,2.43942e-06,-0.709263,-0.704944,2.43942e-06,-0.709263,-0.704944,2.43942e-06,-0.709263,-0.70494,9.94533e-06,-0.709267,-0.70494,9.94533e-06,-0.709267,-0.70494,9.94533e-06,-0.709267,0.608664,0.504418,0.612446,0.608664,0.504418,0.612446,0.608664,0.504418,0.612446,0.608607,0.503334,0.613394,0.608607,0.503334,0.613394,0.608607,0.503334,0.613394,0.560039,0.606432,0.564444,0.560039,0.606432,0.564444,0.560039,0.606432,0.564444,0.560038,0.606432,0.564444,0.560038,0.606432,0.564444,0.560038,0.606432,0.564444,0.704913,-2.53506e-06,0.709294,0.704913,-2.53506e-06,0.709294,0.704913,-2.53506e-06,0.709294,0.704913,-2.62895e-06,0.709294,0.704913,-2.62895e-06,0.709294,0.704913,-2.62895e-06,0.709294,-1.98778e-07,1,-6.6026e-07,-1.98778e-07,1,-6.6026e-07,-1.98778e-07,1,-6.6026e-07,-2.41032e-07,1,-6.60753e-07,-2.41032e-07,1,-6.60753e-07,-2.41032e-07,1,-6.60753e-07,0.518901,-0.676189,0.522982,0.518901,-0.676189,0.522982,0.518901,-0.676189,0.522982,0.518644,-0.677246,0.521868,0.518644,-0.677246,0.521868,0.518644,-0.677246,0.521868,0.704913,0,0.709294,0.704913,0,0.709294,0.704913,0,0.709294,0.704913,0,0.709294,0.704913,0,0.709294,0.704913,0,0.709294,0.707108,0,-0.707106,0.707108,0,-0.707106,0.707108,0,-0.707106,0.706235,0.00179121,-0.707975,0.706235,0.00179121,-0.707975,0.706235,0.00179121,-0.707975,0.706235,0.00179121,-0.707975,-0.706288,-0.00344932,0.707916,-0.706288,-0.00344932,0.707916,-0.706288,-0.00344932,0.707916,-0.70673,0,0.707483,-0.70673,0,0.707483,-0.70673,0,0.707483,0.707107,3.02811e-06,-0.707107,0.707107,3.02811e-06,-0.707107,0.707107,3.02811e-06,-0.707107,0.707108,4.32838e-06,-0.707106,0.707108,4.32838e-06,-0.707106,0.707108,4.32838e-06,-0.707106,0.705184,-0.00302706,-0.709018,0.705184,-0.00302706,-0.709018,0.705184,-0.00302706,-0.709018,0.707107,9.66312e-05,-0.707107,0.707107,9.66312e-05,-0.707107,0.707107,9.66312e-05,-0.707107,-0.705174,0.00303645,0.709027,-0.705175,0.00303645,0.709027,-0.705175,0.00303645,0.709027,-0.707107,-9.64655e-05,0.707107,-0.707107,-9.64655e-05,0.707107,-0.707107,-9.64655e-05,0.707107,-0.707104,0.00231055,0.707106,-0.707104,0.00231055,0.707106,-0.707104,0.00231055,0.707106,-0.70673,0.000501575,0.707483,-0.70673,0.000501575,0.707483,-0.70673,0.000501575,0.707483,0.707107,-1.25424e-06,-0.707106,0.707107,-1.25424e-06,-0.707106,0.707107,-1.25424e-06,-0.707106,0.707107,-1.11489e-06,-0.707107,0.707107,-1.11489e-06,-0.707107,0.707107,-1.11489e-06,-0.707106,-0.706729,2.43888e-06,0.707484,-0.706729,2.43888e-06,0.707484,-0.706729,2.43888e-06,0.707484,-0.70673,1.25428e-06,0.707483,-0.70673,1.25428e-06,0.707483,-0.70673,1.25428e-06,0.707483,-0.705178,0.000124868,0.709031,-0.705178,0.000124868,0.70903,-0.705178,0.000124868,0.709031]},"texCoord0":{"type":"float32","components":2,"data":[0.857601,0.29999,0.857601,0.320815,0.836229,0.320815,0.836229,0.29999,0.83625,0.252813,0.878152,0.252813,0.857075,0.299716,0.83625,0.299716,0.878371,0.252813,0.920063,0.252813,0.920063,0.299716,0.899217,0.299716,0.633069,0.0762048,0.656597,0.0762048,0.656597,0.0899815,0.656597,0.0899815,0.633069,0.0899815,0.633069,0.0762048,0.681542,0.023486,0.681542,0.0111245,0.657914,0.0111245,0.657914,0.0111245,0.657914,0.023486,0.681542,0.023486,0.681542,0.023486,0.657914,0.023486,0.657914,0.0678355,0.657914,0.0678355,0.681542,0.0678355,0.681542,0.023486,0.681542,0.0762048,0.657914,0.0762048,0.657914,0.0899815,0.657914,0.0899815,0.681542,0.0899815,0.681542,0.0762048,0.716527,0.114811,0.746997,0.114827,0.746997,0.0918188,0.746997,0.0918188,0.716527,0.0918188,0.716527,0.114811,0.681542,0.0678355,0.657914,0.0678355,0.657914,0.0762048,0.657914,0.0762048,0.681542,0.0762048,0.681542,0.0678355,0.681542,0.00550944,0.657914,0.00550944,0.657914,0.0111245,0.657914,0.0111245,0.681542,0.0111245,0.681542,0.00550944,0.747416,0.0111245,0.747416,0.00550944,0.717126,0.00550944,0.747416,0.0111245,0.723567,0.023486,0.740798,0.023486,0.717126,0.00550944,0.707927,0.023486,0.714885,0.00550944,0.683563,0.0111245,0.714885,0.00550944,0.683563,0.00550944,0.683563,0.0111245,0.740802,0.0678355,0.723571,0.0678355,0.717126,0.0762048,0.717126,0.0762048,0.747416,0.0762048,0.740802,0.0678355,0.740798,0.023486,0.723567,0.023486,0.723571,0.0678355,0.723571,0.0678355,0.740802,0.0678355,0.740798,0.023486,0.707927,0.0678355,0.707927,0.023486,0.690109,0.023486,0.690109,0.023486,0.690109,0.0678355,0.707927,0.0678355,0.707927,0.0678355,0.690109,0.0678355,0.683563,0.0762048,0.683563,0.0762048,0.714885,0.0762048,0.707927,0.0678355,0.747416,0.0899815,0.747416,0.0762048,0.717126,0.0762048,0.717126,0.0762048,0.717126,0.0899815,0.747416,0.0899815,0.714885,0.0899815,0.714885,0.0762048,0.683563,0.0762048,0.683563,0.0762048,0.683563,0.0899815,0.714885,0.0899815,0.683563,0.0111245,0.690109,0.023486,0.707927,0.023486]}}],"meshes":[{"aabb":{"min":[-100,0,-100],"max":[125.774,239.256,125.595]},"vertices":0,