{"model":{"version":3,"nodes":[{"name":"RootNode","position":[0,0,0],"rotation":[0,0,0],"scale":[0.01,0.01,0.01],"scaleCompensation":false},{"name":"Plane","position":[0,0,0],"rotation":[-90,0,0],"scale":[100,100,100],"scaleCompensation":false}],"parents":[-1,0],"skins":[],"morphs":[],"vertices":[{"position":{"type":"float32","components":3,"data":[-1,0.0665236,0,-0.172616,-7.93264,0,1,0.0665236,0,0.172616,-7.93264,0,1.02887e-08,-7.93264,-0.172616,2.4638e-08,0.0665236,-0.413357,-1.02887e-08,-7.93264,0.172616,-2.4638e-08,0.0665236,0.413357]},"normal":{"type":"float32","components":3,"data":[0,0,1,0,0,1,0,0,1,0,0,1,1,0,5.96046e-08,1,0,5.96046e-08,1,0,5.96046e-08,1,0,5.96046e-08]},"texCoord0":{"type":"float32","components":2,"data":[3.99253e-05,0.999977,0.000303337,0.00014257,0.999937,0.999613,0.999742,0.000511687,0.999742,0.000511687,0.999937,0.999613,0.000303337,0.00014257,3.99253e-05,0.999977]}}],"meshes":[{"aabb":{"min":[-1,-7.93264,-0.413357],"max":[1,0.0665236,0.413357]},"vertices":0,"indices":[0,1,2,2,1,3,4,5,6,7,6,5],"type":"triangles","base":0,"count":12}],"meshInstances":[{"node":1,"mesh":0}]}}