{"model":{"version":3,"nodes":[{"name":"RootNode","position":[0,0,0],"rotation":[0,0,0],"scale":[0.01,0.01,0.01],"scaleCompensation":false},{"name":"ramp_straight_shade_4","position":[0,0,0],"rotation":[0,0,0],"scale":[1,1,1],"scaleCompensation":false}],"parents":[-1,0],"skins":[],"morphs":[],"vertices":[{"position":{"type":"float32","components":3,"data":[46.8753,0,46.8754,-46.8753,0,46.8754,-46.8753,0,-46.8754,46.8753,0,-46.8754,-46.8753,2.20949,47.7905,46.8753,2.20949,47.7905,-46.8753,97.7905,-47.7905,46.8753,97.7905,-47.7905,-50,92.4563,-46.8754,-50,3.12469,-46.8754,-50,3.12469,42.4563,50,3.12469,-46.8754,50,92.4563,-46.8754,50,3.12469,42.4563,-46.8753,3.12469,-50,46.8753,96.8753,-50,46.8753,3.12469,-50,-46.8753,96.8753,-50,-46.8753,0,-46.8754,-50,3.12469,42.4563,-50,3.12469,-46.8754,-46.8753,0,46.8754,46.8753,0,46.8754,-46.8753,2.20949,47.7905,46.8753,2.20949,47.7905,-46.8753,2.20949,47.7905,-46.8753,97.7905,-47.7905,-50,3.12469,42.4563,-50,92.4563,-46.8754,46.8753,0,-46.8754,50,3.12469,42.4563,50,3.12469,-46.8754,46.8753,97.7905,-47.7905,50,3.12469,42.4563,50,92.4563,-46.8754,46.8753,2.20949,47.7905,-50,3.12469,-46.8754,-50,92.4563,-46.8754,-46.8753,3.12469,-50,-46.8753,96.8753,-50,-46.8753,96.8753,-50,46.8753,96.8753,-50,46.8753,3.12469,-50,50,92.4563,-46.8754,50,3.12469,-46.8754,46.8753,96.8753,-50,-46.8753,3.12469,-50,46.8753,3.12469,-50,-46.8753,2.20949,47.7905,46.8753,2.20949,47.7905,-46.8753,96.8753,-50,46.8753,96.8753,-50]},"normal":{"type":"float32","components":3,"data":[0.0164642,-0.999593,0.0232928,-0.0164642,-0.999593,0.0232928,-0.0308395,-0.999025,-0.0315755,0.0308395,-0.999025,-0.0315755,-0.016181,0.695461,0.718382,0.016181,0.695461,0.718382,-0.0161812,0.718382,0.695461,0.0161812,0.718382,0.695461,-0.989943,0.141461,0.00128219,-0.996009,-0.0631137,-0.0631137,-0.989943,0.00128259,0.141461,0.996009,-0.0631137,-0.0631137,0.989943,0.141461,0.00128219,0.989943,0.00128259,0.141461,-0.0308385,-0.0315745,-0.999026,0.0164637,0.0232927,-0.999593,0.0308385,-0.0315745,-0.999026,-0.0164637,0.0232927,-0.999593,-0.0308395,-0.999025,-0.0315755,-0.989943,0.00128259,0.141461,-0.996009,-0.0631137,-0.0631137,-0.0164642,-0.999593,0.0232928,0.0164642,-0.999593,0.0232928,-0.016181,0.695461,0.718382,0.016181,0.695461,0.718382,-0.016181,0.695461,0.718382,-0.0161812,0.718382,0.695461,-0.989943,0.00128259,0.141461,-0.989943,0.141461,0.00128219,0.0308395,-0.999025,-0.0315755,0.989943,0.00128259,0.141461,0.996009,-0.0631137,-0.0631137,0.0161812,0.718382,0.695461,0.989943,0.00128259,0.141461,0.989943,0.141461,0.00128219,0.016181,0.695461,0.718382,-0.996009,-0.0631137,-0.0631137,-0.989943,0.141461,0.00128219,-0.0308385,-0.0315745,-0.999026,-0.0164637,0.0232927,-0.999593,-0.0164637,0.0232927,-0.999593,0.0164637,0.0232927,-0.999593,0.0308385,-0.0315745,-0.999026,0.989943,0.141461,0.00128219,0.996009,-0.0631137,-0.0631137,0.0164637,0.0232927,-0.999593,-0.0308385,-0.0315745,-0.999026,0.0308385,-0.0315745,-0.999026,-0.016181,0.695461,0.718382,0.016181,0.695461,0.718382,-0.0164637,0.0232927,-0.999593,0.0164637,0.0232927,-0.999593]},"texCoord0":{"type":"float32","components":2,"data":[0.0867276,0.65982,0.0867276,0.662678,0.0332147,0.662678,0.0332147,0.65982,0.0447856,0.716108,0.0782528,0.716108,0.0447461,0.734119,0.0782923,0.734119,0.0787338,0.705656,0.0787338,0.683377,0.11029,0.683377,0.0434094,0.683377,0.0434094,0.705656,0.0118535,0.683377,0.07763,0.683377,0.0445132,0.706759,0.0445132,0.683377,0.07763,0.706759,0.0332147,0.673121,0.0842052,0.673216,0.0332147,0.673216,0.0867276,0.673121,0.0867276,0.670263,0.0879888,0.673121,0.0879888,0.670263,0.0447856,0.730434,0.0447461,0.748445,0.04367,0.72958,0.0437095,0.749238,0.0332147,0.670263,0.0842052,0.670167,0.0332147,0.670167,0.0782923,0.748445,0.0793682,0.72958,0.0793286,0.749238,0.0782528,0.730434,0.0787338,0.716553,0.0787338,0.738833,0.07763,0.716553,0.07763,0.739935,0.0447856,0.749087,0.0782528,0.749087,0.0445132,0.716553,0.0434094,0.738833,0.0434094,0.716553,0.0445132,0.739935,0.0314312,0.673121,0.0314312,0.670263,0.08725,0.673189,0.08725,0.670195,0.0453362,0.748727,0.077702,0.748727]}}],"meshes":[{"aabb":{"min":[-50,0,-50],"max":[50,97.7905,47.7905]},"vertices":0,"indices":[0,1,2,0,2,3,4,5,6,5,7,6,8,9,10,11,12,13,14,15,16,15,14,17,18,19,20,19,18,21,21,22,23,24,23,22,25,26,27,27,26,28,22,29,30,30,29,31,32,33,34,33,32,35,36,37,38,39,38,37,32,40,26,40,32,41,42,43,44,43,42,45,46,47,18,29,18,47,19,21,48,22,30,49,50,28,26,34,51,32,18,20,46,31,29,47],"type":"triangles","base":0,"count":96}],"meshInstances":[{"node":1,"mesh":0}]}}