{"model":{"version":3,"nodes":[{"name":"RootNode","position":[0,0,0],"rotation":[0,0,0],"scale":[0.01,0.01,0.01],"scaleCompensation":false},{"name":"Cylinder","position":[0,0,0],"rotation":[-90,0,0],"scale":[100,100,100],"scaleCompensation":false}],"parents":[-1,0],"skins":[],"morphs":[],"vertices":[{"position":{"type":"float32","components":3,"data":[0.781832,0.62349,1,0,1,-4.21062,0,1,1,0.781832,0.62349,-4.21062,0.974928,-0.222521,1,0.781832,0.62349,-4.21062,0.781832,0.62349,1,0.974928,-0.222521,-4.21062,0.433884,-0.900969,1,0.974928,-0.222521,-4.21062,0.974928,-0.222521,1,0.433884,-0.900969,-4.21062,-0.433884,-0.900969,1,0.433884,-0.900969,-4.21062,0.433884,-0.900969,1,-0.433884,-0.900969,-4.21062,-0.974928,-0.222521,1,-0.433884,-0.900969,-4.21062,-0.433884,-0.900969,1,-0.974928,-0.222521,-4.21062,0.257138,0.205061,2.6262,0,1,1,-1.99174e-08,0.328892,2.6262,0.781832,0.62349,1,-0.781832,0.62349,1,-0.974928,-0.222521,-4.21062,-0.974928,-0.222521,1,-0.781832,0.62349,-4.21062,0,1,1,-0.781832,0.62349,-4.21062,-0.781832,0.62349,1,0,1,-4.21062,-0.474792,-0.985916,-4.53043,0.433884,-0.900969,-4.21062,-0.433884,-0.900969,-4.21062,0.474792,-0.985916,-4.53043,-0.257138,0.205061,2.6262,0.320646,-0.0731854,2.6262,0.257138,0.205061,2.6262,-0.320646,-0.0731854,2.6262,-1.99174e-08,0.328892,2.6262,-0.142701,-0.296321,2.6262,0.142701,-0.296321,2.6262,0.142701,-0.296321,2.6262,0.974928,-0.222521,1,0.320646,-0.0731854,2.6262,0.433884,-0.900969,1,-0.257138,0.205061,2.6262,-0.974928,-0.222521,1,-0.320646,-0.0731854,2.6262,-0.781832,0.62349,1,-0.142701,-0.296321,2.6262,0.433884,-0.900969,1,0.142701,-0.296321,2.6262,-0.433884,-0.900969,1,-1.99174e-08,0.328892,2.6262,0,1,1,-0.257138,0.205061,2.6262,-0.781832,0.62349,1,0.320646,-0.0731854,2.6262,0.974928,-0.222521,1,0.257138,0.205061,2.6262,0.781832,0.62349,1,-0.433884,-0.900969,1,-0.142701,-0.296321,2.6262,-0.974928,-0.222521,1,-0.320646,-0.0731854,2.6262,0.474792,-0.985916,-4.53043,0.855545,0.682275,-4.53043,1.06685,-0.243501,-4.53043,-1.06685,-0.243501,-4.53043,3.21128e-09,1.09428,-4.53043,-0.474792,-0.985916,-4.53043,-0.855546,0.682275,-4.53043,-0.781832,0.62349,-4.21062,0,1,-4.21062,3.21128e-09,1.09428,-4.53043,-0.855546,0.682275,-4.53043,0.781832,0.62349,-4.21062,0.974928,-0.222521,-4.21062,1.06685,-0.243501,-4.53043,0.855545,0.682275,-4.53043,-0.433884,-0.900969,-4.21062,-0.974928,-0.222521,-4.21062,-1.06685,-0.243501,-4.53043,-0.474792,-0.985916,-4.53043,0.781832,0.62349,-4.21062,3.21128e-09,1.09428,-4.53043,0,1,-4.21062,0.855545,0.682275,-4.53043,0.433884,-0.900969,-4.21062,1.06685,-0.243501,-4.53043,0.974928,-0.222521,-4.21062,0.474792,-0.985916,-4.53043,-0.781832,0.62349,-4.21062,-1.06685,-0.243501,-4.53043,-0.974928,-0.222521,-4.21062,-0.855546,0.682275,-4.53043]},"normal":{"type":"float32","components":3,"data":[0.433884,0.900969,0,0.433884,0.900969,0,0.433884,0.900969,0,0.433884,0.900969,0,0.974928,0.222521,0,0.974928,0.222521,0,0.974928,0.222521,0,0.974928,0.222521,0,0.781831,-0.62349,0,0.781831,-0.62349,0,0.781831,-0.62349,0,0.781831,-0.62349,0,-6.86873e-08,-1,0,-6.86873e-08,-1,0,-6.86873e-08,-1,0,-6.86873e-08,-1,0,-0.781831,-0.62349,0,-0.781831,-0.62349,0,-0.781831,-0.62349,0,-0.781831,-0.62349,0,0.406682,0.844484,0.348506,0.406682,0.844484,0.348506,0.406682,0.844484,0.348506,0.406682,0.844484,0.348506,-0.974928,0.222521,0,-0.974928,0.222521,0,-0.974928,0.222521,0,-0.974928,0.222521,0,-0.433884,0.900969,0,-0.433884,0.900969,0,-0.433884,0.900969,0,-0.433884,0.900969,0,-1.05149e-07,-0.966487,0.256717,-1.05149e-07,-0.966487,0.256717,-1.05149e-07,-0.966487,0.256717,-1.05149e-07,-0.966487,0.256717,2.01369e-07,0,1,2.01369e-07,0,1,2.01369e-07,0,1,2.01369e-07,0,1,2.01369e-07,0,1,2.01369e-07,0,1,2.01369e-07,0,1,0.732816,-0.584401,0.348506,0.732816,-0.584401,0.348506,0.732816,-0.584401,0.348506,0.732816,-0.584401,0.348506,-0.913806,0.20857,0.348506,-0.913806,0.20857,0.348506,-0.913806,0.20857,0.348506,-0.913806,0.20857,0.348506,-7.82389e-08,-0.937307,0.348506,-7.82389e-08,-0.937307,0.348506,-7.82389e-08,-0.937307,0.348506,-7.82389e-08,-0.937307,0.348506,-0.406682,0.844484,0.348506,-0.406682,0.844484,0.348506,-0.406682,0.844484,0.348506,-0.406682,0.844484,0.348506,0.913806,0.20857,0.348506,0.913806,0.20857,0.348506,0.913806,0.20857,0.348506,0.913806,0.20857,0.348506,-0.732816,-0.584401,0.348506,-0.732816,-0.584401,0.348506,-0.732816,-0.584401,0.348506,-0.732816,-0.584401,0.348506,0,0,-1,0,0,-1,0,0,-1,0,0,-1,0,0,-1,0,0,-1,0,0,-1,-0.419343,0.870774,0.256717,-0.419343,0.870774,0.256717,-0.419343,0.870774,0.256717,-0.419343,0.870774,0.256717,0.942255,0.215063,0.256717,0.942255,0.215063,0.256717,0.942255,0.215063,0.256717,0.942255,0.215063,0.256717,-0.755629,-0.602595,0.256717,-0.755629,-0.602595,0.256717,-0.755629,-0.602595,0.256717,-0.755629,-0.602595,0.256717,0.419343,0.870774,0.256717,0.419343,0.870774,0.256717,0.419343,0.870774,0.256717,0.419343,0.870774,0.256717,0.755629,-0.602595,0.256717,0.755629,-0.602595,0.256717,0.755629,-0.602595,0.256717,0.755629,-0.602595,0.256717,-0.942255,0.215063,0.256717,-0.942255,0.215063,0.256717,-0.942255,0.215063,0.256717,-0.942255,0.215063,0.256717]}}],"meshes":[{"aabb":{"min":[-1.06685,-0.985916,-4.53043],"max":[1.06685,1.09428,2.6262]},"vertices":0,"indices":[0,1,2,1,0,3,4,5,6,5,4,7,8,9,10,9,8,11,12,13,14,13,12,15,16,17,18,17,16,19,20,21,22,21,20,23,24,25,26,25,24,27,28,29,30,29,28,31,32,33,34,33,32,35,36,37,38,37,36,39,36,38,40,41,37,39,37,41,42,43,44,45,44,43,46,47,48,49,48,47,50,51,52,53,52,51,54,55,56,57,56,58,57,59,60,61,60,62,61,63,64,65,66,65,64,67,68,69,68,70,71,68,67,70,70,67,72,71,70,73,74,75,76,74,76,77,78,79,80,78,80,81,82,83,84,82,84,85,86,87,88,87,86,89,90,91,92,91,90,93,94,95,96,95,94,97],"type":"triangles","base":0,"count":156}],"meshInstances":[{"node":1,"mesh":0}]}}