{"model":{"version":3,"nodes":[{"name":"RootNode","position":[0,0,0],"rotation":[0,0,0],"scale":[0.01,0.01,0.01],"scaleCompensation":false},{"name":"mobile_step_wall_02","position":[0,0,0],"rotation":[0,0,0],"scale":[1,1,1],"scaleCompensation":false}],"parents":[-1,0],"skins":[],"morphs":[],"vertices":[{"position":{"type":"float32","components":3,"data":[-99.9999,200,0,100,200,0,100,200,-100,-99.9999,200,-100,-100,3.05176e-05,100,100,3.05176e-05,100,100,200,0,-99.9999,200,0]},"normal":{"type":"float32","components":3,"data":[-5.02803e-07,1,2.15098e-07,-6.10352e-07,1,2.22045e-16,-5.65313e-07,1,9.00779e-08,-4.57764e-07,1,3.05175e-07,5.74397e-07,0.447214,0.894427,8.35932e-07,0.447214,0.894427,5.34492e-07,0.447214,0.894427,2.72957e-07,0.447215,0.894427]},"texCoord0":{"type":"float32","components":2,"data":[0.83625,0.299716,0.793736,0.299716,0.793736,0.321185,0.83625,0.321185,0.83625,0.252649,0.793736,0.252649,0.793736,0.299716,0.83625,0.299716]}}],"meshes":[{"aabb":{"min":[-100,3.05176e-05,-100],"max":[100,200,100]},"vertices":0,"indices":[0,1,2,2,3,0,4,5,6,6,7,4],"type":"triangles","base":0,"count":12}],"meshInstances":[{"node":1,"mesh":0}]}}