{"model":{"version":3,"nodes":[{"name":"RootNode","position":[0,0,0],"rotation":[0,0,0],"scale":[0.01,0.01,0.01],"scaleCompensation":false},{"name":"Cube","position":[0,0,0],"rotation":[-90,0,0],"scale":[100,100,100],"scaleCompensation":false}],"parents":[-1,0],"skins":[],"morphs":[],"vertices":[{"position":{"type":"float32","components":3,"data":[0.874366,-0.874366,-1,-0.874366,-0.874366,-1,-0.874366,0.874366,-1,0.874366,0.874366,-1,-1,0.874366,0.874366,-1,-0.874366,-0.874366,-1,-0.874366,0.874366,-1,0.874366,-0.874366,-0.874366,-1,0.874366,0.874366,-1,-0.874366,0.874366,-1,0.874366,-0.874366,-1,-0.874366,-0.874366,0.874366,1,-0.874366,-0.874366,1,0.874366,0.874366,1,0.874366,-0.874366,1,1,-0.874366,0.874366,1,0.874366,-0.874366,1,0.874366,0.874366,1,-0.874366,-0.874366,0.874366,1,0.874366,0.874366,0.874366,1,1,0.874366,0.874366,0.874366,0.874366,-1,0.874366,1,-0.874366,1,0.874366,-0.874366,1,-0.874366,0.874366,0.874366,-0.874366,1,0.874366,-1,0.874366,1,-0.874366,-0.874366,0.874366,-1,-0.874366,0.874366,-0.874366,-1,-0.874366,1,0.874366,-1,0.874366,0.874366,-0.874366,0.874366,1,-1,0.874366,-0.874366,-0.874366,1,-0.874366,-0.874366,0.874366,-1,-1,-0.874366,0.874366,-0.874366,-1,0.874366,-0.874366,-0.874366,1,-0.874366,-0.874366,-1,-0.874366,-1,-0.874366,-1,-0.874366,-0.874366,-1,-0.874366,-0.874366,-0.874366,0.874366,-1,-0.874366,-0.874366,-1,-1,0.874366,-0.874366,-0.874366,1,-0.874366,0.874366,1,-0.874366,0.874366,0.874366,-1,-0.874366,0.874366,-1,0.874366,1,-0.874366,0.874366,1,0.874366,1,0.874366,0.874366,1,0.874366,-0.874366,-1,-0.874366,0.874366,-0.874366,-1,-0.874366,-0.874366,-1,0.874366,-1,-0.874366,-0.874366,1,-0.874366,-0.874366,1,-0.874366,0.874366,0.874366,-1,0.874366,0.874366,-1,-0.874366,-1,0.874366,-0.874366,-1,0.874366,0.874366,-0.874366,1,0.874366,-0.874366,1,-0.874366,0.874366,-0.874366,1,-0.874366,-0.874366,1,-0.874366,-1,0.874366,0.874366,-1,0.874366,1,-0.874366,0.874366,1,0.874366,0.874366,0.874366,0.874366,1,0.874366,-0.874366,1,0.874366,-1,-0.874366,-0.874366,-1,-0.874366,-0.874366,-0.874366,-1,0.874366,-0.874366,-1,-1,0.874366,0.874366,-0.874366,-0.874366,1,-0.874366,0.874366,1,-1,-0.874366,0.874366,-0.874366,0.874366,1,0.874366,0.874366,1,0.874366,1,0.874366,-0.874366,1,0.874366,1,0.874366,-0.874366,1,-0.874366,-0.874366,0.874366,-0.874366,-1,0.874366,0.874366,-1,0.874366,1,0.874366,-0.874366,1,-0.874366,-0.874366,1,0.874366,0.874366,1,-0.874366]},"normal":{"type":"float32","components":3,"data":[0,0,-1,0,0,-1,0,0,-1,0,0,-1,-1,0,0,-1,0,0,-1,0,0,-1,0,0,0,-1,0,0,-1,0,0,-1,0,0,-1,0,0,0,1,0,0,1,0,0,1,0,0,1,1,0,0,1,0,0,1,0,0,1,0,0,0.57735,0.57735,0.57735,0.57735,0.57735,0.57735,0.57735,0.57735,0.57735,0.57735,0.57735,-0.57735,0.57735,0.57735,-0.57735,0.57735,0.57735,-0.57735,0.57735,-0.57735,0.57735,0.57735,-0.57735,0.57735,0.57735,-0.57735,0.57735,0.57735,-0.57735,-0.57735,0.57735,-0.57735,-0.57735,0.57735,-0.57735,-0.57735,-0.57735,0.57735,0.57735,-0.57735,0.57735,0.57735,-0.57735,0.57735,0.57735,-0.57735,0.57735,-0.57735,-0.57735,0.57735,-0.57735,-0.57735,0.57735,-0.57735,-0.57735,-0.57735,0.57735,-0.57735,-0.57735,0.57735,-0.57735,-0.57735,0.57735,-0.57735,-0.57735,-0.57735,-0.57735,-0.57735,-0.57735,-0.57735,-0.57735,-0.57735,-0.707107,0,-0.707107,-0.707107,0,-0.707107,-0.707107,0,-0.707107,-0.707107,0,-0.707107,0,0.707107,-0.707107,0,0.707107,-0.707107,0,0.707107,-0.707107,0,0.707107,-0.707107,0.707107,0.707107,0,0.707107,0.707107,0,0.707107,0.707107,0,0.707107,0.707107,0,-0.707107,-0.707107,0,-0.707107,-0.707107,0,-0.707107,-0.707107,0,-0.707107,-0.707107,0,0.707107,-0.707107,0,0.707107,-0.707107,0,0.707107,-0.707107,0,0.707107,-0.707107,0,-0.707107,0.707107,0,-0.707107,0.707107,0,-0.707107,0.707107,0,-0.707107,0.707107,0,0,-0.707107,0.707107,0,-0.707107,0.707107,0,-0.707107,0.707107,0,-0.707107,0.707107,0.707107,0,0.707107,0.707107,0,0.707107,0.707107,0,0.707107,0.707107,0,0.707107,0,-0.707107,-0.707107,0,-0.707107,-0.707107,0,-0.707107,-0.707107,0,-0.707107,-0.707107,-0.707107,0,0.707107,-0.707107,0,0.707107,-0.707107,0,0.707107,-0.707107,0,0.707107,0,0.707107,0.707107,0,0.707107,0.707107,0,0.707107,0.707107,0,0.707107,0.707107,0.707107,0,-0.707107,0.707107,0,-0.707107,0.707107,0,-0.707107,0.707107,0,-0.707107,0,1,0,0,1,0,0,1,0,0,1,0]},"texCoord0":{"type":"float32","components":2,"data":[0.359296,0.734296,0.140704,0.734296,0.140704,0.515704,0.359296,0.515704,0.609296,0.234296,0.390704,0.0157042,0.609296,0.0157042,0.390704,0.234296,0.609296,0.984296,0.390704,0.765704,0.609296,0.765704,0.390704,0.984296,0.859296,0.515704,0.859296,0.734296,0.640704,0.515704,0.640704,0.734296,0.609296,0.734296,0.390704,0.515704,0.609296,0.515704,0.390704,0.734296,0.609296,0.484296,0.625,0.484296,0.609296,0.5,0.359296,0.515704,0.359296,0.5,0.375,0.515704,0.609296,0.734296,0.625,0.734296,0.609296,0.75,0.390704,0.734296,0.390704,0.75,0.375,0.734296,0.609296,0.265704,0.609296,0.25,0.625,0.265704,0.390704,0.234296,0.390704,0.25,0.375,0.234296,0.609296,0.0157042,0.609296,0,0.625,0.0157042,0.140704,0.734296,0.140704,0.75,0.125,0.734296,0.125,0.734296,0.140704,0.515704,0.140704,0.734296,0.125,0.515704,0.140704,0.5,0.359296,0.5,0.359296,0.515704,0.140704,0.515704,0.390704,0.484296,0.609296,0.484296,0.609296,0.515704,0.390704,0.515704,0.609296,1,0.390704,0.984296,0.609296,0.984296,0.390704,1,0.390704,0.734296,0.609296,0.734296,0.609296,0.765704,0.390704,0.765704,0.390704,0.234296,0.609296,0.234296,0.609296,0.265704,0.390704,0.265704,0.640704,0.734296,0.859296,0.734296,0.859296,0.75,0.640704,0.75,0.609296,0.734296,0.609296,0.515704,0.640704,0.515704,0.640704,0.734296,0.359296,0.75,0.140704,0.75,0.140704,0.734296,0.359296,0.734296,0.875,0.515704,0.859296,0.734296,0.859296,0.515704,0.875,0.734296,0.859296,0.515704,0.640704,0.515704,0.640704,0.5,0.859296,0.5,0.390704,0.515704,0.390704,0.734296,0.359296,0.734296,0.359296,0.515704,0.609296,0.484296,0.390704,0.265704,0.609296,0.265704,0.390704,0.484296]}}],"meshes":[{"aabb":{"min":[-1,-1,-1],"max":[1,1,1]},"vertices":0,"indices":[0,1,2,0,2,3,4,5,6,5,4,7,8,9,10,9,8,11,12,13,14,14,13,15,16,17,18,17,16,19,20,21,22,23,24,25,26,27,28,29,30,31,32,33,34,35,36,37,38,39,40,41,42,43,44,45,46,45,44,47,48,49,50,48,50,51,52,53,54,54,55,52,56,57,58,57,56,59,60,61,62,62,63,60,64,65,66,66,67,64,68,69,70,68,70,71,72,73,74,74,75,72,76,77,78,76,78,79,80,81,82,81,80,83,84,85,86,84,86,87,88,89,90,90,91,88,92,93,94,93,92,95],"type":"triangles","base":0,"count":132}],"meshInstances":[{"node":1,"mesh":0}]}}